{"cameraMode":{"drawMode":0,"name":"Shaded","section":"Shading Mode"},"sceneLighting":false,"audioPlay":false,"sceneViewState":{"m_AlwaysRefresh":false,"showFog":true,"showSkybox":false,"showFlares":true,"showImageEffects":true,"showParticleSystems":true,"showVisualEffectGraphs":true,"m_FxEnabled":true},"in2DMode":false,"pivot":{"x":19.044086456298829,"y":0.9528204202651978,"z":-1.1920928955078126e-7},"rotation":{"x":0.09435027092695236,"y":-0.014038331806659699,"z":0.0013305718312039972,"w":0.9954443573951721},"size":1.9553501605987549,"orthographic":true}