{"cameraMode":{"drawMode":0,"name":"Shaded","section":"Shading Mode"},"sceneLighting":true,"audioPlay":false,"sceneViewState":{"m_AlwaysRefresh":false,"showFog":true,"showSkybox":true,"showFlares":true,"showImageEffects":true,"showParticleSystems":true,"showVisualEffectGraphs":true,"m_FxEnabled":true},"in2DMode":false,"pivot":{"x":11.293593406677246,"y":4.546655654907227,"z":14.068672180175782},"rotation":{"x":0.09964697808027268,"y":0.01521990541368723,"z":-0.0015240318607538939,"w":0.9949079155921936},"size":12.89861011505127,"orthographic":false}